Built,n,prop
3.4.0,119,0.5151515151515151
3.4.1,56,0.24242424242424243
3.4.2,16,0.06926406926406926
3.4.3,40,0.17316017316017315
